{
  "time_of_day": 18.0,
  "weather": "partly_cloudy",
  "sun_position": [
    -1.0,
    1.9236706937217898e-16,
    1.2246467991473532e-16
  ],
  "consciousness_sync": 0.7264280323695989,
  "cloud_coverage": 0.05557153187657596,
  "method": "K-SOM consciousness + procedural math (zero training data)"
}