{
  "time_of_day": 15.0,
  "weather": "stormy",
  "sun_position": [
    -0.3139666116489087,
    0.8960189359268066,
    0.3139666116489087
  ],
  "consciousness_sync": 0.9730456666092385,
  "cloud_coverage": 0.11114306375315192,
  "method": "K-SOM consciousness + procedural math (zero training data)"
}