{
  "time_of_day": 12.0,
  "weather": "clear",
  "sun_position": [
    3.749399456654644e-33,
    1.0,
    6.123233995736766e-17
  ],
  "consciousness_sync": 0.6832667566246379,
  "cloud_coverage": 0.022228612750630396,
  "method": "K-SOM consciousness + procedural math (zero training data)"
}