{
  "image": "clumps.png",
  "features": 179772,
  "grid": [
    16,
    16
  ],
  "training": {
    "epochs": 10,
    "updates": 1797720,
    "initial_error": 0.2367669288115635,
    "final_error": 0.054030445589377474
  },
  "snapshot": {
    "grid": [
      16,
      16
    ],
    "feature_dim": 5,
    "initial_learning_rate": 0.3,
    "initial_sigma": 8.0,
    "sample_weights": [
      [
        0.5631084442138672,
        0.3309561312198639,
        0.22790780663490295,
        0.8006494045257568,
        0.9587640762329102
      ],
      [
        0.5646325349807739,
        0.3334348201751709,
        0.22963811457157135,
        0.7498400211334229,
        0.9346031546592712
      ],
      [
        0.5628884434700012,
        0.3506450355052948,
        0.2491152286529541,
        0.7136006355285645,
        0.8999420404434204
      ],
      [
        0.42463767528533936,
        0.4536195397377014,
        0.39146900177001953,
        0.664604127407074,
        0.853931188583374
      ],
      [
        0.2467886358499527,
        0.576248288154602,
        0.5630561709403992,
        0.5727114081382751,
        0.81182461977005
      ]
    ]
  }
}